w1,w2,r
giải_thoát,thi_hành,ANT
kìm_giữ,trói_buộc,SYN
gây_lộn,gây_sự,SYN
lầm,nhầm,SYN
chuyển_dạ,trở_dạ,SYN
đồng_ý,từ_chối,ANT
lẩn_tránh,áp,ANT
mong_ước,mơ_ước,SYN
trét,bít,SYN
lăng_nhục,sỉ_nhục,SYN
cư_xử,bạc_đãi,ANT
ngoác,ngoạc,SYN
thòi,tòi,SYN
thừa_nhận,phủ_nhận,ANT
rụt,thò,ANT
hỏng_hóc,hỏng,SYN
áp_giải,dẫn_giải,SYN
bộc_lộ,thổ_lộ,SYN
trù,trù_dập,SYN
cản_ngăn,ngăn_cản,SYN
lật_lọng,tráo_trở,SYN
khinh_nhờn,kính_trọng,ANT
bứt,vặt,SYN
ghê_tởm,kinh_tởm,SYN
bác,chấp_nhận,ANT
nhận,loại_bỏ,ANT
kết_thúc,bảo_tồn,ANT
quịt,quỵt,SYN
tiệt_trừ,diệt_trừ,SYN
phá_sản,vỡ_nợ,SYN
chựng,sựng,SYN
bao_vây,giải_vây,ANT
chiến_thắng,thất_bại,ANT
phá_bỏ,giữ,ANT
phụ_trách,đảm_trách,SYN
nhả,cầm,ANT
chính_thức_hoá,huỷ_bỏ,ANT
bo,boa,SYN
ăn,chén,SYN
vơ,vớ,SYN
nản_lòng,kiên_định,ANT
phản_kháng,khuất_phục,ANT
giở_mặt,lật_lọng,SYN
bớt,thêm,ANT
li_biệt,sum_họp,ANT
thương,xót_thương,SYN
tát,vả,SYN
phung_phí,sẻn,ANT
giải_tán,tập_trung,ANT
viện,vin,SYN
chắn,chặn,SYN
giả_mạo,mạo,SYN
quên_béng,quên_khuấy,SYN
báo_ơn,báo_thù,ANT
mở,tắt,ANT
giảm,vọt,ANT
hạ,tăng,ANT
buồn,vui,ANT
dịt,rịt,SYN
ngốn_ngấu,ngấu_nghiến,SYN
tẩm_bổ,bồi_bổ,SYN
lẳng,quẳng,SYN
dao_động,sờn,SYN
chiến_bại,thắng_lợi,ANT
dời,yên_vị,ANT
chấp_nhận,từ_chối,ANT
chú_trọng,khinh_thường,ANT
mơ_ước,ước_mong,SYN
phung_phí,tiết_kiệm,ANT
mất,chào_đời,ANT
tán_đồng,từ_chối,ANT
nấn_ná,vội_vã,ANT
cuốn,lôi_cuốn,SYN
tu_sửa,tu_chỉnh,SYN
thờ_ơ,hờ_hững,SYN
ngăn_cản,bằng_lòng,ANT
quờ_quạng,sờ_soạng,SYN
bội_thu,thất_bát,ANT
khuỵ,quỵ,SYN
chấm_dứt,tiếp_tục,ANT
đẽo_gọt,trau_chuốt,SYN
trọng,coi_thường,ANT
chần_chừ,đắn_đo,SYN
thanh_trừng,phục_chức,ANT
mong,thất_vọng,ANT
thắng,thua,ANT
coi_thường,coi_trọng,ANT
đẽo_gọt,gọt_giũa,SYN
khuất_núi,chào_đời,ANT
kết_thúc,mở_đầu,ANT
khích_lệ,kiềm_chế,ANT
bỏ_qua,cho_qua,SYN
phân_ly,đoàn_tụ,ANT
bán,sắm,ANT
ngã,bổ,SYN
thẩm_tra,kiểm_tra,SYN
tụ_hội,tụ_họp,SYN
trụt,sụt,SYN
van_lạy,van_vái,SYN
bằng_lòng,từ_chối,ANT
tắc,nghẽn,SYN
kết_thúc,khởi_đầu,ANT
bổ_dụng,miễn_nhiệm,ANT
chê_bai,khen_ngợi,ANT
xoi,xuyên,SYN
phạm,giữ,ANT
giải_tán,tập_hợp,ANT
đánh_hỏng,chấp_thuận,ANT
đánh_cá,đánh_cuộc,SYN
chối_từ,chấp_nhận,ANT
lủi,lỉnh,SYN
mở_rộng,thu_hẹp,ANT
tịch,viên_tịch,SYN
thoái,tiến,ANT
nói_chuyện,chuyện_trò,SYN
giải_toả,phong_toả,ANT
tóm_tắt,mài_giũa,ANT
dao_động,ngả_nghiêng,SYN
đâm_ra,sinh,SYN
cá_cược,đánh_cược,SYN
rối_bù,rối_mù,SYN
rụt,thè,ANT
tụ_tập,lan_truyền,ANT
thu,xoá_bỏ,ANT
nhào,bổ_nhào,SYN
bội_nghĩa,biết_ơn,ANT
chê,khen,ANT
báo_ân,báo_oán,ANT
vuốt_ve,ve_vuốt,SYN
quên_lãng,nhớ,ANT
ngoái,ngoảnh,SYN
cho_phép,khước_từ,ANT
tháo,sắp_xếp,ANT
chõ,chõ_mồm,SYN
mất,lĩnh,ANT
giao,trao,SYN
mở,sắp_xếp,ANT
phát_triển,suy_thoái,ANT
rút,dâng,ANT
phản_đối,đồng_ý,ANT
khám,khám_xét,SYN
giải_phẫu,phẫu_thuật,SYN
bổ_nhậm,miễn_nhiệm,ANT
nản_chí,thoái_chí,SYN
áp_dụng,ứng_dụng,SYN
bàn_bạc,luận_bàn,SYN
khởi_động,ngừng,ANT
bất_an,xả,ANT
cải_giá,tái_giá,SYN
xỉa,xía,SYN
trôi,đắm,ANT
xuất_gia,xuống_tóc,SYN
chìm,nổi,ANT
tránh_mặt,đối_mặt,ANT
bậm,bặm,SYN
tố_giác,cáo_giác,SYN
thành_công,thất_bại,ANT
lơ_là,sao_lãng,SYN
nhập,tách,ANT
va,trật,ANT
buộc,bắt_buộc,SYN
ăn_năn,ân_hận,SYN
cá_cược,đánh_cuộc,SYN
ghét,yêu,ANT
giận,dỗi,SYN
chần_chừ,ngần_ngừ,SYN
bội_nghĩa,hàm_ơn,ANT
ngỏm,ngủm,SYN
xịch,xít,SYN
đợi,đợi_chờ,SYN
nằm,ngồi,ANT
đập,hụt,ANT
bức_hiếp,ức_hiếp,SYN
dấp,xấp,SYN
chia_ly,đoàn_tụ,ANT
hết,bắt_đầu,ANT
để_tâm,bỏ_dở,ANT
quí_mến,căm,ANT
ngăn_cản,đồng_ý,ANT
đồn_đãi,phao,SYN
bác_bỏ,chấp_thuận,ANT
dự,tham_dự,SYN
tụ_tập,tập_hợp,SYN
nảy,phát_sinh,SYN
mong_đợi,trông_mong,SYN
rũ,vỗ,SYN
chao_đảo,nao_núng,SYN
lo,bảo_đảm,ANT
hạ_nhục,lăng_nhục,SYN
nguyền_rủa,mong,ANT
bán,mua,ANT
ca_tụng,chỉ_trích,ANT
dây,dính_dấp,SYN
phanh_phui,vạch_trần,SYN
thí_điểm,thí_nghiệm,SYN
hắt_hơi,hắt_xì_hơi,SYN
vòng_quanh,quanh_co,SYN
cốc,củng,SYN
ca_ngợi,lên_án,ANT
đong_đưa,vung_vẩy,SYN
phó_thác,uỷ_thác,SYN
tắt,đóng,SYN
bật,tắt,ANT
rớ,rờ,SYN
ăn_xin,hành_khất,SYN
thờ_ơ,hững_hờ,SYN
tu_sửa,sửa_sang,SYN
lẩm_bẩm,lẩm_nhẩm,SYN
rút_gọn,mài_dũa,ANT
tập_kết,tập_trung,SYN
rơi,rớt,SYN
xem_thường,tôn_trọng,ANT
ganh,tị,SYN
phân_bì,tị_nạnh,SYN
sưu_tập,truyền_bá,ANT
chia,đoàn_kết,ANT
phá_bĩnh,phá_đám,SYN
bao_phủ,tháo,ANT
giảm,tăng,ANT
vô_trùng,sát_trùng,SYN
mở_màn,ngừng,ANT
đan,tháo,ANT
đền,thường,SYN
bồi_bổ,bồi_dưỡng,SYN
bít,bịt,SYN
khẳng_định,phủ_định,ANT
tán_thành,phản_đối,ANT
chú_thích,ghi_chú,SYN
khiếp_đảm,khiếp_vía,SYN
bại,thắng,ANT
kệ,mặc_kệ,SYN
để_tâm,bỏ,ANT
pha_chế,điều_chế,SYN
phân_li,đoàn_tụ,ANT
chần_chừ,dứt_khoát,ANT
sa_thải,thuê,ANT
nuông,nuông_chiều,SYN
nhập_ngoại,nhập_nội,SYN
đâm,hoá,SYN
giải_tán,tụ_tập,ANT
hắng_giọng,tằng_hắng,SYN
cóp_nhặt,quảng_bá,ANT
phúng,phúng_viếng,SYN
che,cởi,ANT
nhét,nhồi,SYN
chọn,lựa,SYN
lặn,mọc,ANT
ghìm,nén,SYN
rớt,trúng_tuyển,ANT
rờ_mó,sờ_mó,SYN
đóng,mở,ANT
chi,thu,ANT
xét_duyệt,xoá_bỏ,ANT
ào,tràn,SYN
tránh_né,áp_dụng,ANT
giải_ngũ,tập_hợp,ANT
báo_ân,trả_thù,ANT
bất_kính,coi_trọng,ANT
chuồn,lẻn,SYN
trông,trông_nom,SYN
bỏ_cuộc,gia_nhập,ANT
thoái_chí,kiên_định,ANT
rủa,ước,ANT
lên,xuống,ANT
lơ,lắng_nghe,ANT
tiến,lui,ANT
phản_đối,đồng_tình,ANT
phá_quấy,quậy_phá,SYN
nổi_giận,nổi_nóng,SYN
hoang_phí,tằn_tiện,ANT
phá_quấy,quấy_nhiễu,SYN
bóc_trần,lột_trần,SYN
chia_li,đoàn_tụ,ANT
vi_phạm,thi_hành,ANT
ghi_âm,loại_bỏ,ANT
lấy,dán,ANT
kích_động,khích_động,SYN
hi_vọng,thất_vọng,ANT
kiềm_chế,kềm_chế,SYN
cắm_đầu,chúi_đầu,SYN
cản,ngăn,SYN
chấp_thuận,từ_chối,ANT
xắn,trải,ANT
lè,thụt,ANT
thành_lập,thủ_tiêu,ANT
ngồi_xổm,ngồi_chồm_hổm,SYN
tham_dự,lỡ,ANT
rã,tan,SYN
coi_nhẹ,coi_trọng,ANT
băng_hà,ra_đời,ANT
vận_chuyển,chuyển_vận,SYN
chờ_mong,mong_chờ,SYN
sắp_xếp,lộn_xộn,ANT
chín,sống,ANT
nhớ,quên,ANT
xếp_đặt,sắp_đặt,SYN
trốn,hiện,ANT
chen,chêm,SYN
lỉnh,lỏn,SYN
hành_hình,hành_quyết,SYN
đố_kỵ,ghen_ghét,SYN
khuyến_khích,kiềm_toả,ANT
gởi_gắm,gửi_gắm,SYN
ngả_nghiêng,thối_chí,SYN
phản_đối,ủng_hộ,ANT
biệt_ly,sum_họp,ANT
chia_phôi,li_biệt,SYN
công_kích,bảo_vệ,ANT
phớt_lờ,chú_ý,ANT
thộp,chộp,SYN
lăng_mạ,nhục_mạ,SYN
ngoẻo,toi,SYN
tụ_tập,quảng_bá,ANT
nhũng_nhiễu,sách_nhiễu,SYN
lưu_thông,tắc_nghẽn,ANT
phong,phong_tặng,SYN
làm_bộ,giả_bộ,SYN
thu_nạp,ngăn_cản,ANT
giải,cuộn,ANT
van,van_xin,SYN
giội,trút,SYN
được,thua,ANT
xa_cách,xa_rời,SYN
mong,vô_vọng,ANT
thụt_lùi,tiến_bộ,ANT
chế_giễu,chế_nhạo,SYN
bọc,cởi,ANT
cầu_khẩn,khẩn_cầu,SYN
thức_giấc,tỉnh_giấc,SYN
nhốt,thả,ANT
bắt_thăm,bốc_thăm,SYN
giả_trang,hoá_trang,SYN
cường_điệu,thổi_phồng,SYN
bế_mạc,khai_mạc,ANT
bác,chấp_thuận,ANT
còn,hết,ANT
hy_vọng,vô_vọng,ANT
đầu_hàng,hàng,SYN
tháo_dỡ,lắp,ANT
ăn_hiếp,bắt_nạt,SYN
thương,yêu_thương,SYN
chuyện_trò,trò_chuyện,SYN
phủ_nhận,xác_nhận,ANT
giả_mạo,sửa_chữa,ANT
khinh_thường,coi_trọng,ANT
chống_cự,đầu_hàng,ANT
khoan_nhượng,nhân_nhượng,SYN
hàng,vượt,ANT
thăng,chào_đời,ANT
phớt,để_tâm,ANT
tốn,mất,SYN
ly_biệt,đoàn_tụ,ANT
thiết_nghĩ,thiết_tưởng,SYN
ghìm,kìm,SYN
kí_kết,ký_kết,SYN
ước_vọng,tuyệt_vọng,ANT
giữ,giải_phóng,ANT
bố_trí,xáo_trộn,ANT
chứng_thực,nhận_thực,SYN
bắt_đầu,kết_thúc,ANT
tán_dương,trách,ANT
coi_nhẹ,coi_thường,SYN
kìm_hãm,thúc_đẩy,ANT
lẳng,quăng,SYN
dạt,giạt,SYN
làm_lơ,làm_ngơ,SYN
tích_góp,góp_nhặt,SYN
nản_chí,kiên_định,ANT
khẳng_định,từ_bỏ,ANT
hy_vọng,thất_vọng,ANT
giam_cầm,giam_giữ,SYN
tiến,lùi,ANT
lừa_đảo,tỉnh_ngộ,ANT
trấn_an,khuyến_khích,ANT
động_chạm,va_chạm,SYN
ngừng,khởi_đầu,ANT
bác_bỏ,chấp_nhận,ANT
am_tường,thông_hiểu,SYN
phân_chia,liên_kết,ANT
chà_đạp,giày_xéo,SYN
thọc,xọc,SYN
giam_giữ,nhốt,SYN
chia_phôi,đoàn_tụ,ANT
doạ,đe,SYN
tinh_chế,tinh_luyện,SYN
lặt,lượm,SYN
khước_từ,chấp_nhận,ANT
chia_tay,sum_họp,ANT
lao,xốc,SYN
vào,ra,ANT
nhảy_xổ,nhảy_bổ,SYN
gỡ,trói,ANT
vui,ca_cẩm,ANT
kết_nạp,khai_trừ,ANT
báo_oán,báo_ơn,ANT
dạy_bảo,khuyên_bảo,SYN
truy_lùng,săn_lùng,SYN
chọc,thọc,SYN
đùa_giỡn,nô_giỡn,SYN
phản_kháng,quy_hàng,ANT
khoái_lạc,nỗi_đau,ANT
yếu_kém,sức_mạnh,ANT
thanh_danh,ô_nhục,ANT
dây,dọc,SYN
bằng_cớ,chứng_cớ,SYN
ba,me,ANT
ngày,ban_đêm,ANT
gông_cùm,gông_xiềng,SYN
nhân_tài,tài_năng,SYN
khởi_đầu,cuối_cùng,ANT
hậu_duệ,bố_mẹ,ANT
dạ_hương,dạ_lý_hương,SYN
khuyết_thiếu,ưu_điểm,ANT
áo_quan,quan_tài,SYN
vô_tỷ,số_vô_tỷ,SYN
phục_viên,động_viên,ANT
tía,me,ANT
cậu,cô,ANT
cha,u,ANT
xuất_phát,kết_thúc,ANT
hậu_duệ,phụ_huynh,ANT
bệ,đầu,ANT
cõi_tục,trần_gian,SYN
nhiệm_kì,nhiệm_kỳ,SYN
sáng,bóng_tối,ANT
khởi_thuỷ,cuối_cùng,ANT
thầy,u,ANT
chú,thím,ANT
báng,bá,SYN
khuyết_điểm,ưu_điểm,ANT
nội_qui,nội_quy,SYN
dĩ_vãng,tương_lai,ANT
thiếu_sót,khuyết_điểm,SYN
trái_đất,địa_cầu,SYN
vú,tí,SYN
bác,gì,ANT
dầu_hoả,dầu_hôi,SYN
đàn_bà,nam_giới,ANT
xuân_phân,thu_phân,ANT
thuế_khoá,thuế_má,SYN
thiên_quốc,địa_ngục,ANT
nữ_hoàng,vua,ANT
bác,thím,ANT
tàn_dư,tàn_tích,SYN
nam,trai,SYN
phụ_thân,má,ANT
thiếu_nữ,chàng_trai,ANT
sở_trường,nhược_điểm,ANT
kết_thúc,khởi_đầu,ANT
đàn_bà,nam,ANT
hạn,vận_hạn,SYN
bồ_bịch,tình_nhân,SYN
tinh_mơ,hoàng_hôn,ANT
mẹ,u,SYN
khởi_đầu,chấm_hết,ANT
hiện_diện,vắng,ANT
mộ,mả,SYN
ven,vệ,SYN
thân_xác,thể_xác,SYN
phụ_nữ,con_trai,ANT
tàu,tầu,SYN
tiểu_phẫu,đại_phẫu,ANT
quá_khứ,vị_lai,ANT
thầy,me,ANT
xuất_hiện,thiếu,ANT
cha_mẹ,bố_mẹ,SYN
chắn,barie,SYN
xuất_phát_điểm,chấm_hết,ANT
cô_gái,chàng_trai,ANT
xuất_hiện,vắng_mặt,ANT
tốt,vô_sinh,ANT
thi_thể,thây,SYN
mầm,mống,SYN
tha_ma,nghĩa_trang,SYN
nhà_giam,nhà_đá,SYN
tã,tã_lót,SYN
dĩ_vãng,sau_này,ANT
đạo_lí,đạo_nghĩa,SYN
bố,má,ANT
đảo,cù_lao,SYN
xuất_phát,chấm_hết,ANT
người_yêu,tình_nhân,SYN
ông_già,u,ANT
dầu_hoả,dầu_lửa,SYN
sở_trường,điểm_yếu,ANT
nhà_giam,nhà_lao,SYN
tiếp_tục,thôi,ANT
golf,gôn,SYN
phụ_nữ,nam,ANT
đống,gò,SYN
thiên_quốc,hoả_ngục,ANT
điều_thiện,xấu,ANT
đô_thị,quê,ANT
đít,khu,SYN
ban_đầu,cuối_cùng,ANT
tinh_mơ,tinh_sương,SYN
phong_bì,bao_thơ,SYN
cha_nội,cha,SYN
thầy,bầm,ANT
đề_án,dự_án,SYN
duyên_cớ,nguyên_cớ,SYN
ba,u,ANT
em_trai,em_gái,ANT
thiên_đàng,hoả_ngục,ANT
tí,tị,SYN
chồng,bà_xã,ANT
mạng,mệnh,SYN
thiên_đường,hoả_ngục,ANT
hòm,quan_tài,SYN
đầu_tiên,trước_hết,SYN
cậu,bác,ANT
bá,già,SYN
danh_giá,nhục_nhã,ANT
chú,cô,ANT
phụ_nữ,nam_giới,ANT
sở_trường,khuyết_điểm,ANT
nguyên_lí,nguyên_lý,SYN
sở_trường,hạn_chế,ANT
bè,phe,SYN
mẹ,mế,SYN
nền,figure,ANT
gốc_rễ,cội_rễ,SYN
giữa,cuối_cùng,ANT
ổ,nhóm,SYN
cõi_tục,dương_gian,SYN
ngô,bắp,SYN
dấu_vết,vết_tích,SYN
khía_cạnh,góc_cạnh,SYN
nếp,lề_thói,SYN
thuộc_hạ,thủ_túc,SYN
tục,trần,SYN
lí,thiên_lý,SYN
công_khố,công_quỹ,SYN
lãnh_vực,lĩnh_vực,SYN
tép_riu,nhãi_nhép,SYN
hạ,gia_tăng,ANT
danh_giá,ô_danh,ANT
ký_sinh_trùng,vật_chủ,ANT
sở_trường,yếu_điểm,ANT
hàng_xóm,láng_giềng,SYN
đồng_la,phèng_la,SYN
thuộc_hạ,chỉ_huy,ANT
thầy,mẹ,ANT
giảm,gia_tăng,ANT
chú,mợ,ANT
trạng_thái,thể,SYN
thận,cật,SYN
cán,tông,SYN
yếu_kém,thành_công,ANT
phạm_nhân,tội_phạm,SYN
danh_dự,ô_danh,ANT
đồng_phạm,tòng_phạm,SYN
ông_già,mợ,ANT
phụ_thân,me,ANT
giữa,xuất_phát_điểm,ANT
ngày_nay,hiện_tại,SYN
con,ba_má,ANT
góp_mặt,vắng_mặt,ANT
bát,chén,SYN
áo_quần,quần_áo,SYN
xuất_phát_điểm,cuối_cùng,ANT
bầm,mạ,SYN
mở_đầu,trung,ANT
lượng,cây,SYN
phục_viên,điều_động,ANT
dọc,hàng,SYN
ẩn_ý,hàm_ý,SYN
tuồng,bọn,SYN
hoàn_thành,bắt_đầu,ANT
thầy,má,ANT
thầy,mợ,ANT
chân,đầu,ANT
tiết_diện,thiết_diện,SYN
đen,bạch,ANT
trụ_cột,cột_trụ,SYN
thanh_danh,tai_tiếng,ANT
ông_già,má,ANT
cha,má,ANT
nữ_giới,nam,ANT
tin,tin_tức,SYN
ban_ngày,đêm,ANT
thơ,thư,SYN
đàn_bà,đàn_ông,ANT
trăng_gió,trăng_hoa,SYN
ban_mai,hoàng_hôn,ANT
cữ,lóng,SYN
bố,bầm,ANT
khu_đô_thị,nông_thôn,ANT
bảo_vật,báu_vật,SYN
phụ_thân,mợ,ANT
bố,mẹ,ANT
nhân_gian,trần_gian,SYN
chân_tay,lãnh_đạo,ANT
danh_tánh,danh_tính,SYN
tay_hữu,tay_trái,ANT
tí_ti,tí_chút,SYN
sáng,tăm_tối,ANT
dịp,thời_cơ,SYN
tía,má,ANT
sút,gia_tăng,ANT
thiếu_sót,ưu_điểm,ANT
bè_đảng,bè_phái,SYN
tía,mẹ,ANT
tí_ti,tí_teo,SYN
giữa,kết_thúc,ANT
quá_khứ,sau_này,ANT
kỉ,kỷ,SYN
thiện_tâm,ác_tâm,ANT
tù,phạm_nhân,SYN
tuổi,giai_đoạn,SYN
thuộc_hạ,lãnh_đạo,ANT
người_yêu,người_tình,SYN
gái_điếm,kĩ_nữ,SYN
đại_lí,đại_lý,SYN
ba,bầm,ANT
giữa,ban_đầu,ANT
mức,mực,SYN
thiên_tính,thiên_tư,SYN
cậu,mợ,ANT
mĩ_thuật,mỹ_thuật,SYN
tiếp_tục,ngừng,ANT
nhất_nguyên_luận,thuyết_nhất_nguyên,SYN
chung_cư,cư_xá,SYN
công_nhân,chủ,ANT
anh_trai,em_gái,ANT
kìm,kềm,SYN
thanh_danh,nhục_nhã,ANT
tội_phạm,tội_nhân,SYN
ba,mợ,ANT
mức,ngữ,SYN
cơm_cháo,trò_trống,SYN
tía,mợ,ANT
phục_viên,điều,ANT
phạm_nhân,tội_nhân,SYN
khu_đô_thị,đồng_quê,ANT
phụ_thân,u,ANT
tộc_người,sắc_tộc,SYN
nhà_giam,ngục_tù,SYN
ban_đầu,kết_thúc,ANT
cõi_tục,trần_thế,SYN
học_thức,học_vấn,SYN
nhà_buôn,thương_nhân,SYN
chồng,hôn_thê,ANT
đàn_bà,phụ_nữ,SYN
lối,đường,SYN
vô_địch,quán_quân,SYN
ông_già,bầm,ANT
hậu_duệ,cha_mẹ,ANT
cha,me,ANT
căm,tăm,SYN
bố,con_cái,ANT
điều_thiện,dữ,ANT
đại_hồi,hồi,SYN
ban,đêm,ANT
kết_thúc,bắt_đầu,ANT
thông_gia,sui_gia,SYN
thiên_đàng,địa_ngục,ANT
đất_nước,sông_núi,SYN
nữ_giới,đàn_ông,ANT
bố,cha,SYN
ông_già,mẹ,ANT
ban_đầu,chấm_hết,ANT
chồng,phu_nhân,ANT
nguyên_do,nguyên_cớ,SYN
phụ_thân,bầm,ANT
chung_cư,khu_tập_thể,SYN
xuất_phát,cuối_cùng,ANT
thuộc_tính,tính_chất,SYN
chuồng_xí,nhà_cầu,SYN
em_trai,chị_gái,ANT
tía,u,ANT
lãnh_thổ,cương_vực,SYN
chú,gì,ANT
con,phụ_huynh,ANT
quá_khứ,tương_lai,ANT
cõi_dương,trần_gian,SYN
anh_trai,chị_gái,ANT
màu_mỡ,vô_sinh,ANT
thẩm_mĩ,thẩm_mỹ,SYN
bắt_đầu,trung,ANT
chuẩn,chuẩn_mực,SYN
cảnh_vệ,vệ_binh,SYN
hậu_duệ,ba_má,ANT
ông_già,me,ANT
tiên_sư,tổ_sư,SYN
tột_bực,tột_đỉnh,SYN
màng,váng,SYN
danh_giá,hổ_thẹn,ANT
giữa,khởi_đầu,ANT
nhà_thơ,thi_sĩ,SYN
con,cha_mẹ,ANT
hát_bộ,hát_tuồng,SYN
chủ_định,chủ_ý,SYN
chân_tay,chỉ_huy,ANT
tía,bầm,ANT
lỗi,ưu_điểm,ANT
thìa,muỗng,SYN
xuất_phát_điểm,kết_thúc,ANT
giống_nòi,nòi_giống,SYN
bí_danh,mật_danh,SYN
ba,mẹ,ANT
điện_báo,điện_tín,SYN
giảm_sút,gia_tăng,ANT
dáng_dấp,dáng_vẻ,SYN
bố,me,ANT
chấm,điểm,SYN
con_gái,con_trai,ANT
tròng,bẫy,SYN
hình_dáng,hình_trạng,SYN
hậu_duệ,phụ_mẫu,ANT
dương_gian,trần_thế,SYN
linh_hồn,vong_hồn,SYN
hiệu,tiệm,SYN
tào_phớ,tàu_hũ,SYN
danh_dự,hổ_thẹn,ANT
bác,mợ,ANT
phong_thấp,thấp_khớp,SYN
trận_mạc,chiến_trận,SYN
khi,lúc,SYN
ký_chủ,vật_chủ,SYN
cha,bầm,ANT
tai_vạ,tai_ương,SYN
con_cái,phụ_mẫu,ANT
bạn_bè,bằng_hữu,SYN
vận_mệnh,vận_số,SYN
ngọn_ngành,nguồn_cơn,SYN
cõi_trần,dương_gian,SYN
nữ_giới,nam_giới,ANT
xấp,xếp,SYN
khởi_thuỷ,chấm_hết,ANT
thợ_xây,thợ_hồ,SYN
cha,mợ,ANT
đen,trắng,ANT
chủ_nghĩa_nhân_đạo,chủ_nghĩa_nhân_văn,SYN
danh_giá,ô_nhục,ANT
tay_phải,tay_trái,ANT
di_chúc,chúc_thư,SYN
giữa,xuất_phát,ANT
đặc_điểm,đặc_trưng,SYN
màu,mầu,SYN
tiên_nga,ngọc_nữ,SYN
thiên_đường,địa_ngục,ANT
thuỷ_đậu,trái_rạ,SYN
phép,phép_thuật,SYN
kĩ_thuật,kỹ_thuật,SYN
tên,gã,SYN
giữa,chấm_hết,ANT
vầng,vừng,SYN
bố,u,ANT
ảnh,hình,SYN
khoảng,độ,SYN
uy_quyền,quyền_uy,SYN
bố,mợ,ANT
mẻ,trận,SYN
điều_ước,thoả_ước,SYN
ba,má,ANT
ban_ngày,ban_đêm,ANT
con_cái,bố_mẹ,ANT
trần,dương_gian,SYN
tiếp_tục,đình_chỉ,ANT
đàn_tì,đàn_tỳ,SYN
tàu_bè,tàu_thuyền,SYN
vây_cánh,lãnh_đạo,ANT
chú,bác,ANT
tẹo,ti,SYN
con_gái,chàng_trai,ANT
phụ_thân,mẹ,ANT
hàng,quán,SYN
thang,chén,SYN
danh_tiếng,ô_nhục,ANT
chủ_nghĩa_xã_hội,tư_bản_chủ_nghĩa,ANT
điều_thiện,tệ,ANT
dạ,lòng,SYN
tri_kỉ,tri_kỷ,SYN
giữa,khởi_thuỷ,ANT
vây_cánh,chỉ_huy,ANT
ca_vát,cà_vạt,SYN
phía,bên,SYN
bu,mệ,SYN
file,tập_tin,SYN
hiện_diện,thiếu,ANT
ngụm,hụm,SYN
kên_kên,kền_kền,SYN
kỉ_nguyên,kỷ_nguyên,SYN
tê_tê,trút,SYN
hạ,hè,SYN
góp_mặt,vắng,ANT
bác,cô,ANT
dĩ_vãng,vị_lai,ANT
ước_muốn,ước_vọng,SYN
cực_điểm,đỉnh_điểm,SYN
cha,mẹ,ANT
khởi_thuỷ,kết_thúc,ANT
thị_lực,nhãn_lực,SYN
mùi,ngò,SYN
mẹ,bu,SYN
hòm,thùng,SYN
cuối,đầu,ANT
đống,lô,SYN
chồng,vợ,ANT
hời_hợt,nông_cạn,SYN
thảnh_thơi,ưu_tư,ANT
vô_lý,có_lí,ANT
cuồng_nộ,phẫn_nộ,SYN
đần,thông_minh,ANT
có_lí,vô_lí,ANT
ấm_no,no_ấm,SYN
lí_thú,lý_thú,SYN
lợi,thiệt,ANT
dư_dật,thiếu_thốn,ANT
lắm,ít,ANT
mạnh_dạn,nhát,ANT
vẩu,vổ,SYN
ác,thiện,ANT
gọn_ghẽ,bừa_bộn,ANT
thô_lỗ,lỗ_mãng,SYN
rỗng,rỗng_không,SYN
hưng_thịnh,hưng_vượng,SYN
nhám,mịn,ANT
tàn_ác,tàn_tệ,SYN
lệch,ngay,ANT
chính_xác,xác_thực,SYN
đen,đỏ,ANT
lười_biếng,siêng_năng,ANT
chật_hẹp,rộng_rãi,ANT
vững,vững_vàng,SYN
đương_chức,đương_nhiệm,SYN
khuất_tất,mờ_ám,SYN
kỹ_lưỡng,sơ_sài,ANT
đặc,loãng,ANT
gần,xa,ANT
hợp_lí,vô_lí,ANT
ác_độc,hiền_lành,ANT
mau_chóng,nhanh_chóng,SYN
quỉ_quái,quái_quỷ,SYN
tỉnh_bơ,tỉnh_queo,SYN
chặt,lỏng,ANT
gian_trá,gian_xảo,SYN
bận_bịu,rảnh_rỗi,ANT
thẳng,thẳng_băng,SYN
bi_quan,lạc_quan,ANT
chặt_chẽ,lỏng_lẻo,ANT
hậu_hĩ,hậu_hĩnh,SYN
gọn_gàng,bừa_bộn,ANT
màu_mỡ,phì_nhiêu,SYN
khô,khô_khan,SYN
thành_tâm,thực_tình,SYN
ẩm,khô,ANT
kĩ_càng,qua_quýt,ANT
độc_nhất,độc_nhất_vô_nhị,SYN
bươm,tươm,SYN
ác_độc,độc_ác,SYN
chóng,muộn,ANT
kĩ_càng,tỷ_mỉ,SYN
thường_kỳ,bất_thường,ANT
lung_tung,gọn_ghẽ,ANT
đặc,kín,SYN
mát_mẻ,nóng_nực,ANT
bé,to,ANT
ngu_đần,thông_minh,ANT
khảng_khái,khẳng_khái,SYN
tối_tăm,tối_dạ,SYN
dơ_dáy,sạch,ANT
khoả_thân,nuy,SYN
thông_minh,ngu_ngốc,ANT
nghèo_khó,nghèo_túng,SYN
man_trá,xảo_quyệt,SYN
an_tâm,lo_lắng,ANT
mạnh_mẽ,yếu_ớt,ANT
nhạt_nhẽo,nhạt_thếch,SYN
may_mắn,rủi_ro,ANT
dài_dòng,ngắn_gọn,ANT
hợp_lý,vô_lí,ANT
tha_thiết,khẩn_thiết,SYN
nườm_nượp,vắng_ngắt,ANT
thanh_vắng,thanh_u,SYN
tột_cùng,tột_đỉnh,SYN
lớn,to,SYN
thong_thả,vội,ANT
giàu,nghèo,ANT
phi_lý,có_lí,ANT
nhạt_phèo,mặn_mòi,ANT
thư_thái,lo_âu,ANT
bạc,tệ,SYN
bất_minh,mờ_ám,SYN
bồn_chồn,thắc_thỏm,SYN
tí_xíu,tí_ti,SYN
nhiều,ít,ANT
chây_lười,lười_nhác,SYN
chung_thuỷ,thuỷ_chung,SYN
lẹ,mau,SYN
đông,vắng,ANT
tối_tăm,sáng_sủa,ANT
tràn_đầy,tràn_ngập,SYN
kĩ_tính,kỹ_tính,SYN
đơn_côi,trơ_trọi,SYN
cay_đắng,đắng_cay,SYN
hiểm_yếu,xung_yếu,SYN
giỏi,tồi,ANT
nham_hiểm,hiểm_độc,SYN
dễ,khó,ANT
hèn,can_đảm,ANT
thông_minh,ngu_dốt,ANT
thanh_thản,thảnh_thơi,SYN
mầu_mỡ,bạc_màu,ANT
tỉnh_táo,mê_muội,ANT
nông_cạn,sâu_sắc,ANT
nhơ_nhớp,nhơ_nhuốc,SYN
nhẹ_bỗng,nhẹ_tênh,SYN
kỳ_diệu,thần_diệu,SYN
tỉ_mỉ,tỷ_mỉ,SYN
dị_thường,khác_thường,SYN
bạc_bẽo,tệ_bạc,SYN
gan_góc,can_đảm,SYN
độc_ác,hiền_lành,ANT
xanh,chín,ANT
diệu_kì,kỳ_diệu,SYN
ma_lanh,tinh_ranh,SYN
khủng_khiếp,kinh_khủng,SYN
nóng_vội,nôn_nóng,SYN
bi_thảm,bi_thương,SYN
nhỡ,vừa,SYN
diệu_kì,thần_diệu,SYN
cũ_mèm,mới_mẻ,ANT
vô_ích,hữu_dụng,ANT
đờ_đẫn,thờ_thẫn,SYN
ướt,ráo,ANT
nguy_nan,nguy_ngập,SYN
đơ,đừ,SYN
hữu_ích,vô_dụng,ANT
kỹ,tỷ_mỉ,SYN
hời_hợt,sâu_sắc,ANT
nhạt_thếch,mặn_mòi,ANT
chăm_chỉ,lười_nhác,ANT
cực_khổ,sung_sướng,ANT
teo_tóp,quắt_queo,SYN
nhạt,lợt,SYN
lộn_xộn,gọn_ghẽ,ANT
um,rầm,SYN
dũng_cảm,hèn,ANT
quái_ác,tai_quái,SYN
buồn,vui,ANT
hà_tiện,hoang,ANT
bạo,nhát,ANT
cứng_rắn,mềm_mỏng,ANT
phiền_phức,phiền_toái,SYN
có_lí,phi_lí,ANT
mịn,ráp,ANT
khoẻ,yếu,ANT
thường,lạ_thường,ANT
lệch,thẳng,ANT
đậm,nhạt,ANT
cứng,mềm,ANT
tỉ_mỉ,qua_loa,ANT
kĩ,qua_quýt,ANT
lẹ,lâu,ANT
gian_giảo,xảo_quyệt,SYN
bẩn,sạch,ANT
ngược,thuận,ANT
đông,thưa,ANT
bẩn_thỉu,sạch,ANT
nhàu,nhầu,SYN
bất_hợp_pháp,phi_pháp,SYN
bạc_bẽo,bội_bạc,SYN
chân_thật,giả_dối,ANT
đúng_đắn,sai_trái,ANT
lai,thuần_chủng,ANT
vô_địch,vô_song,SYN
dễ_chịu,khó_chịu,ANT
tốt_đẹp,xấu_xa,ANT
keo_kiệt,đá,SYN
kĩ_lưỡng,kỹ,SYN
chán_chường,chán_ngán,SYN
lừng_lững,sừng_sững,SYN
tài_ba,kém_cỏi,ANT
hên,xui,ANT
chua_cay,sâu_cay,SYN
bất_nhân,nhân_ái,ANT
công_bằng,bất_công,ANT
ngay_ngắn,lệch_lạc,ANT
thơ_thới,thư_thái,SYN
quả_cảm,dũng_cảm,SYN
thạo,thuần_thục,SYN
ngăn_nắp,luộm_thuộm,ANT
rắn,mềm,ANT
tí,tí_tẹo,SYN
có_ích,vô_ích,ANT
huyền_diệu,thần_kì,SYN
rực_rỡ,rạng_rỡ,SYN
đục,trong,ANT
bất_nhã,khiếm_nhã,SYN
chặt,lỏng_lẻo,ANT
bận,rảnh_rang,ANT
tài_ba,tài_hoa,SYN
tả_tơi,xơ_xác,SYN
cụt_lủn,cụt_ngủn,SYN
hơn,thua,ANT
kĩ,tỉ_mỉ,SYN
cơ_cực,cùng_cực,SYN
lộn_xộn,gọn_gàng,ANT
bẩn,sạch_sẽ,ANT
đôn_hậu,hồn_hậu,SYN
đần_độn,ngu_si,SYN
ngây_ngất,ngất_ngây,SYN
lắm,ối,SYN
chăm_bẳm,chằm_chằm,SYN
dang_dở,dở_dang,SYN
thẳng,ngay,SYN
mới_tinh,mới_toanh,SYN
kiêu_căng,kiêu_ngạo,SYN
đẹp,xấu,ANT
giàu_có,nghèo_khổ,ANT
thông_thái,uyên_thâm,SYN
chắc,rắn_chắc,SYN
ẩm,khô_ráo,ANT
khờ,dại,SYN
bé,lớn,ANT
thường,khác_thường,ANT
cũ_kỹ,mới_tinh,ANT
độc_ác,hiền_từ,ANT
lẻ,linh,SYN
giầu,khó,ANT
kì_diệu,kỳ_diệu,SYN
quạnh,quạnh_hiu,SYN
thơ_thới,lo_âu,ANT
bừa,bừa_bãi,SYN
buồn,mừng,ANT
bận_bịu,rỗi_rãi,ANT
đê_mê,mê_man,SYN
bần_thần,đờ_đẫn,SYN
kỹ_lưỡng,dối,ANT
xinh_xắn,xinh_xẻo,SYN
ngà_ngà,chếnh_choáng,SYN
dẻo,cứng,ANT
kì_cục,kì_quặc,SYN
kiên_nhẫn,nhẫn_nại,SYN
bạc_màu,màu_mỡ,ANT
bí_mật,công_khai,ANT
om,om_sòm,SYN
tương_tự,na_ná,SYN
khác_biệt,tương_đồng,ANT
giàu,ít,ANT
ướt_rượt,ướt_sũng,SYN
khéo_léo,vụng_về,ANT
giỏi,kém,ANT
thâm_trầm,trầm_lặng,SYN
cay_chua,sâu_cay,SYN
mặn_mà,nhạt_nhẽo,ANT
bội_bạc,thuỷ_chung,ANT
méo,tròn,ANT
mau,thưa,ANT
chật,rộng,ANT
huyền_diệu,kì_diệu,SYN
kĩ_lưỡng,dối,ANT
bự,bé,ANT
chệch,lệch,SYN
cao,thấp,ANT
đủng_đỉnh,thủng_thẳng,SYN
già,trẻ,ANT
giả_dối,thật_thà,ANT
hẹp,rộng,ANT
bận_bịu,thư_nhàn,ANT
thành_tâm,thật_tình,SYN
giảo_quyệt,man_trá,SYN
kỹ,dối,ANT
hiểm,nguy_hiểm,SYN
thông_minh,tối_dạ,ANT
giầu,nghèo,ANT
hoang,tằn_tiện,ANT
vững_dạ,vững_tâm,SYN
tỷ_mỉ,qua_quýt,ANT
muộn,sớm,ANT
chính,phụ,ANT
cũ_rích,mới_tinh,ANT
chất_ngất,ngất_nghểu,SYN
có_lý,vô_lí,ANT
kỳ_diệu,tuyệt_diệu,SYN
đơn_giản,rắc_rối,ANT
giàu,khó,ANT
quỷ_quái,tai_ác,SYN
có_lý,phi_lí,ANT
ám_muội,minh_bạch,ANT
chếnh_choáng,chuếnh_choáng,SYN
chí_tử,trí_mạng,SYN
tĩnh_lặng,yên_lặng,SYN
nhạt_thếch,mặn_mà,ANT
tích_cực,tiêu_cực,ANT
tối,tối_tăm,SYN
dối_trá,thật_thà,ANT
le_te,xăng_xái,SYN
ngăn_nắp,lộn_xộn,ANT
nhàn_nhã,thanh_nhàn,SYN
lờ_mờ,tù_mù,SYN
dày,mỏng,ANT
đê_mê,mê_mẩn,SYN
lương_thiện,bất_lương,ANT
tỷ_mỉ,qua_loa,ANT
dày,thưa,ANT
cùng_quẫn,túng_quẫn,SYN
cấp_bách,cấp_thiết,SYN
bừa_bãi,gọn_gàng,ANT
bơ_phờ,phờ_phạc,SYN
bất_nhã,nhã_nhặn,ANT
mù,khiếm_thị,SYN
bao_dung,hẹp_hòi,ANT
ngang_ngược,ngạo_ngược,SYN
mẫm,mập,SYN
xảo_trá,thật_thà,ANT
hở,kín,ANT
ấm_êm,êm_ấm,SYN
om,rùm,SYN
can_đảm,dũng_cảm,SYN
may,rủi,ANT
bình_thường,thường_nhật,SYN
cũ_kĩ,mới_mẻ,ANT
hoang,hoang_phí,SYN
mạnh,yếu,ANT
dày_đặc,thưa,ANT
lỏng_chỏng,lơ_thơ,SYN
đen_tối,mờ_ám,SYN
lỡ_dở,lỡ_làng,SYN
thong_thả,vội_vàng,ANT
nhẵn_nhụi,xù_xì,ANT
hữu_ích,vô_ích,ANT
dày_đặc,thưa_thớt,ANT
no,đói,ANT
xinh,xinh_xắn,SYN
qua_loa,sơ_sài,SYN
có_lý,hợp_lí,SYN
trội,nổi_trội,SYN
lâu,mau,ANT
tối_dạ,sáng_dạ,ANT
yên_tâm,lo_lắng,ANT
kĩ_càng,sơ_sài,ANT
cũ_kỹ,mới_mẻ,ANT
giảo_hoạt,xảo_quyệt,SYN
bê_bết,bê_tha,SYN
gần_gũi,gần_gụi,SYN
dốt,dốt_nát,SYN
đê_mê,mê_mệt,SYN
dày_cộp,mỏng_tanh,ANT
gọn_gàng,gọn_ghẽ,SYN
bừa,gọn,ANT
dại,khôn,ANT
cũ_kĩ,mới_tinh,ANT
khiếm_nhã,nhã_nhặn,ANT
khổ_sở,sung_sướng,ANT
cầu_kì,giản_dị,ANT
lung_tung,gọn_gàng,ANT
nhẹ,mạnh,ANT
khiếp,kinh,SYN
cao_quý,thấp_hèn,ANT
bự,nhỏ,ANT
chuệch_choạc,chệch_choạc,SYN
mặn,nhạt,ANT
xấc,xấc_xược,SYN
rét_mướt,ấm_áp,SYN
thanh_thản,lo_âu,ANT
thanh_thản,thư_thái,SYN
khôi_hài,hài_hước,SYN
bất_hạnh,xấu_số,SYN
mát_rợi,mát_rượi,SYN
đầy_đủ,thiếu_thốn,ANT
yên,im,SYN
bạo_dạn,mạnh_dạn,SYN
mảnh_dẻ,mảnh_mai,SYN
bạo_tàn,tàn_tệ,SYN
trầm_ngâm,trầm_tư,SYN
vô_bổ,bổ_ích,ANT
nổi_danh,lừng_danh,SYN
đen_tối,minh_bạch,ANT
mong_manh,phong_thanh,SYN
phi_lí,vô_lí,SYN
dư_dật,dư_thừa,SYN
có_ích,hữu_ích,SYN
vô_bổ,vô_dụng,SYN
minh_mẫn,sáng_láng,SYN
khoáng_đãng,thoáng_đãng,SYN
lờ_mờ,lù_mù,SYN
tồi,tốt,ANT
vắng_teo,nhộn_nhịp,ANT
dạn_dĩ,nhát,ANT
ngu,khôn,ANT
gấp,cấp,SYN
kì_quái,quái_dị,SYN
tươi,héo,ANT
bất_lợi,thuận_lợi,ANT
dài,ngắn,ANT
hách_dịch,hách,SYN
dĩ_nhiên,đương_nhiên,SYN
phệ,phị,SYN
thẳng,cong,ANT
vắng_tanh,tấp_nập,ANT
phấn_chấn,hào_hứng,SYN
khô,ướt,ANT
bằng,lồi_lõm,ANT
hân_hoan,hoan_hỷ,SYN
kĩ_lưỡng,qua_quýt,ANT
chu_toàn,vẹn_toàn,SYN
đơn_chiếc,neo_đơn,SYN
bạo_tàn,tàn_bạo,SYN
tối,sáng,ANT
đen_kịt,đen_sì,SYN
gầy_đét,gầy_guộc,SYN
xúi_quẩy,xui,SYN
hiếm,hãn_hữu,SYN
tạp_nhạp,tạp_nham,SYN
độ_lượng,hẹp_hòi,ANT
đúng_đắn,sai_lầm,ANT
thanh_bình,yên_bình,SYN
tiêu_cực,thụ_động,SYN
có_lý,hợp_lý,SYN
có_ích,vô_bổ,ANT
mát,tươi,ANT
thụ_động,chủ_động,ANT
đen_đủi,may_mắn,ANT
gầy,mập,ANT
trong,trong_suốt,SYN
ngoằn_ngoèo,ngoắt_ngoéo,SYN
dễ_tính,khó_tính,ANT
hung_dữ,hung_hãn,SYN
ác,hiền,ANT
pha_tạp,pha_trộn,SYN
bẩn_thỉu,sạch_sẽ,ANT
thanh,mảnh,SYN
anh_dũng,can_đảm,SYN
anh_dũng,hèn,ANT
định_kì,bất_thường,ANT
móp,tóp,SYN
mướt,tướt,SYN
chây_lười,siêng_năng,ANT
yên_ổn,bất_ổn,ANT
nhạt,thẫm,ANT
chóng_vánh,mau_chóng,SYN
thảm,thê_thảm,SYN
nhẵn,sần_sùi,ANT
đắt,rẻ,ANT
bợt,nhợt,SYN
rách,lành,ANT
dốt,thông_minh,ANT
gian_xảo,thật_thà,ANT
chân_thành,thực_tâm,SYN
cường_thịnh,suy_tàn,ANT
lười_biếng,lười_nhác,SYN
hung_hãn,hung_tợn,SYN
đặc,rỗng,ANT
lực_lưỡng,vạm_vỡ,SYN
bận_bịu,thanh_nhàn,ANT
có_nghĩa,vô_nghĩa,ANT
chăm_chắm,chằm_chặp,SYN
trang_nhã,tao_nhã,SYN
đê_tiện,cao_thượng,ANT
dữ,hiền,ANT
loạng_choạng,loạng_quạng,SYN
chính_xác,chuẩn_xác,SYN
quả_quyết,quyết_đoán,SYN
hữu_ích,vô_bổ,ANT
rảnh,bận_bịu,ANT
tuyệt_vời,cực,SYN
bất_hạnh,hạnh_phúc,ANT
gian_xảo,man_trá,SYN
thanh_tĩnh,u_tịch,SYN
kỹ,sơ_sài,ANT
kì_dị,kỳ_dị,SYN
ướt_sũng,ướt_đầm,SYN
minh_bạch,mờ_ám,ANT
tĩnh,động,ANT
bổ_ích,vô_ích,ANT
chan_chứa,tràn_trề,SYN
thâm,thâm_hiểm,SYN
cơ_cực,khốn_cùng,SYN
cổ_hủ,tân_tiến,ANT
tàn_ác,tàn_bạo,SYN
đểu_cáng,đểu_giả,SYN
cẩn_thận,cẩu_thả,ANT
kĩ_càng,qua_loa,ANT
tùm,ùm,SYN
đơn,kép,ANT
vắng,thưa,SYN
đê_tiện,hạ_tiện,SYN
đầy_đủ,sơ_sài,ANT
phiến_diện,toàn_diện,ANT
bừa_bãi,gọn_ghẽ,ANT
cũ_rích,mới_mẻ,ANT
nghèo_nàn,phong_phú,ANT
tự_cao,khiêm_tốn,ANT
vô_dụng,vô_ích,SYN
tỉ_mỉ,qua_quýt,ANT
hợp_lý,phi_lí,ANT
nặng_nề,nhẹ_nhàng,ANT
lệch_lạc,sai_lệch,SYN
dại,ngộ,SYN
thanh_thản,thanh_thoát,SYN
khéo,vụng,ANT
bẩn_thỉu,dơ_dáy,SYN
bất_nhân,có_nhân,ANT
xảo_quyệt,thật_thà,ANT
thần_diệu,thần_kỳ,SYN
thường_kì,bất_thường,ANT
vô_bổ,hữu_dụng,ANT
ảm_đạm,u_ám,SYN
tối_mịt,tối_om,SYN
buồn_phiền,vui_vẻ,ANT
thần_diệu,tuyệt_diệu,SYN
biếng_nhác,chăm_chỉ,ANT
khô_cằn,màu_mỡ,ANT
khấp_khểnh,bằng_phẳng,ANT
béo,gầy,ANT
thanh_thoát,thư_thái,SYN
dị_thường,kỳ_dị,SYN
đại,tiểu,ANT
đứng_tuổi,luống_tuổi,SYN
mảnh_dẻ,mảnh_khảnh,SYN
chính_yếu,cốt_yếu,SYN
ác_độc,hiền_từ,ANT
đìu_hiu,quạnh_hiu,SYN
nồng_cháy,nồng_nàn,SYN
chắc,lép,ANT
thanh_tĩnh,thanh_vắng,SYN
hiểm_yếu,trọng_yếu,SYN
bằng,mấp_mô,ANT
bóng_lộn,bóng_nhoáng,SYN
bất_nghĩa,bội_bạc,SYN
vô_dụng,hữu_dụng,ANT
tốt,xấu,ANT
tỉ_mỉ,dối,ANT
tỉ_mỉ,sơ_sài,ANT
rủi,xui,SYN
thanh_thản,ưu_tư,ANT
tột_bậc,tột_độ,SYN
nông,sâu,ANT
lả_lướt,thướt_tha,SYN
gầy,ốm,SYN
keo_kiệt,hào_phóng,ANT
êm_ả,yên_ả,SYN
can_đảm,hèn_nhát,ANT
bền_vững,vững_bền,SYN
ngào_ngạt,ngát,SYN
tai_hại,nguy_hại,SYN
ầm,rầm,SYN
tỷ_mỉ,sơ_sài,ANT
mau,chậm,ANT
khoáng_đạt,phóng_khoáng,SYN
tướt,sượt,SYN
tròn_trịa,tròn_trĩnh,SYN
mềm,mềm_dẻo,SYN
quái_quỉ,quái_quỷ,SYN
gian_giảo,thật_thà,ANT
ồn_ào,ầm_ĩ,SYN
bình_yên,yên_lành,SYN
giảo_quyệt,quỉ_quyệt,SYN
cần_thiết,cấp_thiết,SYN
bội_bạc,có_nghĩa,ANT
bại,liệt,SYN
anh_dũng,hèn_nhát,ANT
dại,điên,SYN
chân_thành,giả_dối,ANT
nổi_tiếng,nức_tiếng,SYN
mỡ,mỡ_màng,SYN
trống,trống_không,SYN
chóng,nhanh,SYN
cồng_kềnh,kềnh_càng,SYN
nhẹ_nhõm,nặng_nề,ANT
độc,lành,ANT
ranh,tinh_ma,SYN
độ_lượng,rộng_lượng,SYN
khuất_tất,minh_bạch,ANT
dày_cộp,mỏng_tang,ANT
thảnh_thơi,lo_âu,ANT
bát_ngát,mênh_mông,SYN
chua_ngoa,ngoa_ngoắt,SYN
lệch,cân_đối,ANT
cô_độc,đơn_độc,SYN
gớm_ghiếc,gớm_guốc,SYN
thông_thoáng,thoáng,SYN
tẹo,tí_ti,SYN
bội_bạc,chung_thuỷ,ANT
thần_diệu,thần_kì,SYN
liên_tiếp,liên_tục,SYN
lơ_đãng,lơ_đễnh,SYN
đồng_chất,đồng_tính,SYN
gọn_nhẹ,rườm_rà,ANT
bị_động,chủ_động,ANT
giàu_có,nghèo_nàn,ANT
vất_vả,nặng_nhọc,SYN
vị_kỷ,vị_tha,ANT
lớn,nhỏ,ANT
lạt_lẽo,mặn_mà,ANT
tợn,thiện,ANT
dong_dỏng,thon_thả,SYN
tươm,tướp,SYN
trống_không,trống_trơn,SYN
chậm,nhanh,ANT
tuyệt_vời,đại,SYN
đê_hèn,cao_thượng,ANT
ấm_áp,lạnh_lẽo,ANT
mập,ngẳng,ANT
chóng,lâu,ANT
chậm,sớm,ANT
ngăn_nắp,lung_tung,ANT